Symbol,Name,Last,Change,%Chg,High,Low,Volume,Time
A,Agilent Technologies,72.35,0.78,1.09%,72.64,71.34,2279400,11/30/2018
AAL,American Airlines Gp,40.16,1.74,4.53%,40.2,38.42,10015600,11/30/2018
AAP,Advance Auto Parts Inc,177.71,0.04,0.02%,178.91,175.01,1399600,11/30/2018
AAPL,Apple Inc,178.58,-0.97,-0.54%,180.33,177.03,39531500,11/30/2018
ABBV,Abbvie Inc,94.27,4.36,4.85%,94.27,89.87,12031700,11/30/2018
ABC,Amerisourcebergen Corp,88.9,-1.6,-1.77%,90.87,87.67,1934500,11/30/2018
ABMD,Abiomed Inc,332.68,0.69,0.21%,335.98,329.04,522900,11/30/2018
ABT,Abbott Laboratories,74.05,0.79,1.08%,74.23,73.07,8030500,11/30/2018
ACN,Accenture Plc,164.52,3.45,2.14%,164.54,160.98,5832700,11/30/2018
ADBE,Adobe Systems Inc,250.89,1.8,0.72%,251.57,247.09,5156600,11/30/2018
ADI,Analog Devices,91.92,2.4,2.68%,91.97,88.79,3335800,11/30/2018
ADM,Archer Daniels Midland Company,46.02,-0.02,-0.04%,46.28,45.92,6181900,11/30/2018
ADP,Automatic Data Procs,147.42,1.57,1.08%,147.56,145.8,4150700,11/30/2018
ADS,Alliance Data Systems Corp,200.36,3.66,1.86%,200.57,196.23,657600,11/30/2018
ADSK,Autodesk Inc,144.5,-1.05,-0.72%,146.5,142.19,2624700,11/30/2018
AEE,Ameren Corp,68.62,0.8,1.18%,68.69,67.6,2389800,11/30/2018
AEP,American Electric Power Company,77.74,1.39,1.82%,77.8,76.24,2814500,11/30/2018
AES,The Aes Corp,15.49,0.05,0.32%,15.52,15.36,7152000,11/30/2018
AFL,Aflac Incorporated,45.74,0.34,0.75%,45.92,45.33,5432000,11/30/2018
AGN,Allergan Plc,156.6,1.36,0.88%,156.72,154.54,2283600,11/30/2018
AIG,American International Group,43.25,-0.19,-0.44%,43.56,42.4,10036700,11/30/2018
AIV,Apartment Investment and Management,47.09,0.94,2.04%,47.17,46.33,2136000,11/30/2018
AIZ,Assurant Inc,97.24,-0.56,-0.57%,98.12,97.17,449900,11/30/2018
AJG,Arthur J. Gallagher & Co,77.07,-0.96,-1.23%,78.75,77.07,4205700,11/30/2018
AKAM,Akamai Technologies,68.75,0.64,0.94%,69.54,68.05,1695100,11/30/2018
ALB,Albemarle Corp,96.32,-0.1,-0.10%,97.29,95.22,1037800,11/30/2018
ALGN,Align Technology I,229.89,1.19,0.52%,232.97,224.72,1206300,11/30/2018
ALK,Alaska Air Group,73.26,0.32,0.44%,73.79,72.2,3025500,11/30/2018
ALL,Allstate Corp,89.19,0.71,0.80%,89.38,87.95,2667000,11/30/2018
ALLE,Allegion Plc Ordinary Shares Wh,91.59,-0.16,-0.17%,92.81,90.99,1124500,11/30/2018
ALXN,Alexion Pharm Inc,123.15,-0.19,-0.15%,124.16,121.65,1315100,11/30/2018
AMAT,Applied Materials,37.28,0.74,2.03%,37.28,36.33,13387000,11/30/2018
AMD,Adv Micro Devices,21.3,-0.13,-0.61%,21.36,20.52,82370703,11/30/2018
AME,Amtek Inc,73.43,0.21,0.29%,73.85,72.8,1486500,11/30/2018
AMG,Affiliated Managers Group,111.12,-0.46,-0.41%,112.23,109.73,482800,11/30/2018
AMGN,Amgen Inc,208.25,5.88,2.91%,208.99,201.79,4537600,11/30/2018
AMP,Ameriprise Financial Services,129.75,2.17,1.70%,130.41,127.32,1252700,11/30/2018
AMT,American Tower Corp,164.49,1.77,1.09%,164.66,161.88,2741400,11/30/2018
AMZN,Amazon.com Inc,1690.17,16.6,0.99%,1696,1666.5,5761700,11/30/2018
ANET,Arista Networks Inc,238.48,2.17,0.92%,239.21,233.52,755400,11/30/2018
ANSS,Ansys Inc,162.02,2.62,1.64%,162.02,158.13,2111400,11/30/2018
ANTM,Anthem Inc,290.07,-2.1,-0.72%,294.41,287.95,1707200,11/30/2018
AON,AON Plc,165.11,1.43,0.87%,165.9,163.64,2568100,11/30/2018
AOS,Smith [A.O.] Corp,47.38,0.54,1.15%,47.59,46.5,1808800,11/30/2018
APA,Apache Corp,35.13,-0.41,-1.15%,35.19,34.24,5394900,11/30/2018
APC,Anadarko Petroleum Corp,52.9,-0.8,-1.49%,53.54,52.23,5742400,11/30/2018
APD,Air Products and Chemicals,160.87,1.66,1.04%,160.97,158.58,1153000,11/30/2018
APH,Amphenol Corp,87.94,0.93,1.07%,88.01,86.69,1743000,11/30/2018
APTV,Aptiv Plc,71.9,0.4,0.56%,72.2,71.08,2424100,11/30/2018
ARE,Alexandria Real Estate Equities,124.5,2.12,1.73%,125.26,122.65,1376900,11/30/2018
ARNC,Arconic Inc,21.48,0.14,0.66%,21.49,20.93,4514500,11/30/2018
ATVI,Activision Blizzard,49.88,-2.68,-5.10%,52.55,49.26,14511801,11/30/2018
AVB,Avalonbay Communities,190.57,2.5,1.33%,190.65,188.02,945800,11/30/2018
AVGO,Broadcom Ltd,237.41,1.63,0.69%,238.28,233.39,4008200,11/30/2018
AVY,Avery Dennison Corp,96.4,1.07,1.12%,96.57,94.52,1146400,11/30/2018
AWK,American Water Works,95.41,2.93,3.17%,95.41,92.51,2473700,11/30/2018
AXP,American Express Company,112.27,0.96,0.86%,112.45,110.37,3949600,11/30/2018
AZO,Autozone,809.07,-16.76,-2.03%,827.09,804.57,602800,11/30/2018
BA,Boeing Company,346.76,4.2,1.23%,347.58,337.5,5373900,11/30/2018
BAC,Bank of America Corp,28.4,0.36,1.28%,28.63,27.87,64284602,11/30/2018
BAX,Baxter International Inc,68.55,0.53,0.78%,68.64,67.54,4091000,11/30/2018
BBT,BB&T Corp,51.1,0.5,0.99%,51.36,50.43,4685400,11/30/2018
BBY,Best Buy Co,64.59,0.52,0.81%,65,63.34,3992200,11/30/2018
BDX,Becton Dickinson and Company,252.75,2.65,1.06%,253.32,249.32,1345500,11/30/2018
BEN,Franklin Resources,33.89,0.39,1.16%,33.91,33.3,5921600,11/30/2018
BF.B,Brown Forman Inc Cl B,47.72,-0.58,-1.20%,48.47,47.44,2579600,11/30/2018
BHF,Brighthouse Financial Inc,40.26,0.22,0.55%,40.4,39.58,1065800,11/30/2018
BHGE,Baker Hughes A Ge Co. Cl. A,22.82,-0.29,-1.25%,23.08,22.41,14481700,11/30/2018
BIIB,Biogen Inc,333.72,7.11,2.18%,333.77,325.15,1666900,11/30/2018
BK,Bank of New York Mellon Corp,51.31,0.63,1.24%,51.39,50.6,5407200,11/30/2018
BKNG,Booking Holdings Inc,1891.88,26.73,1.43%,1897.11,1852.8,360900,11/30/2018
BLK,Blackrock,428.01,5.07,1.20%,428.01,419,1066400,11/30/2018
BLL,Ball Corp,49.11,-0.46,-0.93%,49.78,48.99,4113700,11/30/2018
BMY,Bristol-Myers Squibb Company,53.46,1.64,3.16%,53.48,51.75,13932000,11/30/2018
BR,Broadridge Financial Solutions Llc,105.87,4.1,4.03%,105.87,101.43,3781100,11/30/2018
BRK.B,Berkshire Hath Hld Cl B,218.24,0.54,0.25%,219.08,216.93,5153100,11/30/2018
BSX,Boston Scientific Corp,37.67,0.63,1.70%,37.72,37.03,9795101,11/30/2018
BWA,Borgwarner Inc,39.58,0.21,0.53%,39.76,38.94,2118900,11/30/2018
BXP,Boston Properties,131.2,1.38,1.06%,131.27,129.33,1286600,11/30/2018
C,Citigroup Inc,64.79,-0.11,-0.17%,65,64.11,14207801,11/30/2018
CAG,Conagra Brands Inc,32.34,0.07,0.22%,32.38,32.15,7868800,11/30/2018
CAH,Cardinal Health,54.83,-0.19,-0.35%,55.23,54.11,4442700,11/30/2018
CAT,Caterpillar Inc,135.67,5.44,4.18%,135.97,129.84,8458100,11/30/2018
CB,Chubb Ltd,133.74,-0.47,-0.35%,134.72,133.01,2955900,11/30/2018
CBOE,CBOE Global Markets Inc,107.62,0.79,0.74%,108.03,106.07,895400,11/30/2018
CBRE,CBRE Group Inc,43.68,0.54,1.25%,43.74,42.98,2151200,11/30/2018
CBS,CBS Corp,54.18,-1.17,-2.11%,55.49,53.81,3397100,11/30/2018
CCI,Crown Castle International Corp,114.9,1.9,1.68%,114.95,112.71,3752300,11/30/2018
CCL,Carnival Corp,60.29,-0.44,-0.72%,60.58,59.1,5744700,11/30/2018
CDNS,Cadence Design Sys,45.04,0.92,2.09%,45.14,44,1991000,11/30/2018
CELG,Celgene Corp,72.22,2.06,2.94%,72.31,69.57,9650800,11/30/2018
CERN,Cerner Corp,57.91,0.56,0.98%,58.24,57.16,2838600,11/30/2018
CF,Cf Industries Holdings,42.19,-1.31,-3.01%,43.29,41.95,4877400,11/30/2018
CFG,Citizens Financial Group Inc/Ri,36.36,0.33,0.92%,36.67,35.83,5518300,11/30/2018
CHD,Church & Dwight Company,66.19,0.23,0.35%,66.24,65.56,4142700,11/30/2018
CHRW,C.H. Robinson Ww,92.33,0.58,0.63%,92.99,91.46,2244900,11/30/2018
CHTR,Charter Communicatio,329.2,-1.13,-0.34%,333.24,324.95,1784500,11/30/2018
CI,Cigna Corp,223.38,0.86,0.39%,223.96,219.93,2440900,11/30/2018
CINF,Cincinnati Financial,81.73,0.25,0.31%,82.14,81.12,723900,11/30/2018
CL,Colgate-Palmolive Company,63.52,0.48,0.76%,63.59,62.7,3568600,11/30/2018
CLX,Clorox Company,165.62,-0.43,-0.26%,166.53,164.79,2160000,11/30/2018
CMA,Comerica Inc,79.18,0.19,0.24%,80.17,78.59,2675700,11/30/2018
CMCSA,Comcast Corp A,39.01,-0.41,-1.04%,39.6,38.72,38075598,11/30/2018
CME,CME Group Inc,190.08,1.17,0.62%,190.77,187.41,3245900,11/30/2018
CMG,Chipotle Mexican Grill,473.21,-9.35,-1.94%,482.55,463,956200,11/30/2018
CMI,Cummins Inc,151.06,2.86,1.93%,151.58,148.18,1415700,11/30/2018
CMS,Cms Energy Corp,52.09,0.78,1.52%,52.13,51.26,2829300,11/30/2018
CNC,Centene Corp,142.25,0.31,0.22%,142.84,141.11,1574200,11/30/2018
CNP,Centerpoint Energy Inc,28.01,0.27,0.97%,28.02,27.7,6083000,11/30/2018
COF,Capital One Financial Corp,89.68,0.81,0.91%,89.87,88.41,2488300,11/30/2018
COG,Cabot Oil & Gas Corp,25.16,0.47,1.90%,25.25,24.55,7097500,11/30/2018
COO,Cooper Companies,278.83,1.41,0.51%,281.75,275.92,511000,11/30/2018
COP,Conocophillips,66.18,-0.69,-1.03%,66.94,65.43,7175300,11/30/2018
COST,Costco Wholesale,231.28,0.28,0.12%,233.39,229.7,2764100,11/30/2018
COTY,Coty Inc,8.34,-0.18,-2.11%,8.52,8.26,9268500,11/30/2018
CPB,Campbell Soup Company,39.2,-0.43,-1.09%,39.52,38.71,3616200,11/30/2018
CPRT,Copart Inc,51.18,-0.53,-1.02%,52.19,50.98,2610800,11/30/2018
CRM,Salesforce.com Inc,142.76,3.04,2.18%,143.22,138.28,9401300,11/30/2018
CSCO,Cisco Systems Inc,47.87,0.53,1.12%,47.91,46.92,41619000,11/30/2018
CSX,CSX Corp,72.63,0.86,1.20%,73.09,71.64,6820500,11/30/2018
CTAS,Cintas Corp,187.38,-0.66,-0.35%,189.82,186.91,797400,11/30/2018
CTL,Centurylink,18.8,0.18,0.97%,18.83,18.51,14201600,11/30/2018
CTSH,Cognizant Tech Sol,71.23,0.93,1.32%,71.29,70.06,4139200,11/30/2018
CTXS,Citrix Systems Inc,108.97,-1.49,-1.35%,110.87,108.14,3402300,11/30/2018
CVS,CVS Corp,80.2,0.2,0.25%,80.24,78.68,15921500,11/30/2018
CVX,Chevron Corp,118.94,0.09,0.08%,119.21,117.7,6712600,11/30/2018
CXO,Concho Resources Inc,130.34,-1.16,-0.88%,131.04,128.38,2372000,11/30/2018
D,Dominion Resources,74.5,0.75,1.02%,74.53,73.57,5397600,11/30/2018
DAL,Delta Air Lines Inc,60.71,1.85,3.14%,61.32,59.17,10847101,11/30/2018
DE,Deere & Company,154.88,4.91,3.27%,155.32,149.79,2534800,11/30/2018
DFS,Discover Financial Services,71.3,0.08,0.11%,71.52,70.42,2086900,11/30/2018
DG,Dollar General Corp,110.99,0.1,0.09%,111.64,110.09,4153400,11/30/2018
DGX,Quest Diagnostics Inc,88.57,0.63,0.72%,88.7,85.56,3534800,11/30/2018
DHI,D.R. Horton,37.22,-0.13,-0.35%,37.5,36.83,5027800,11/30/2018
DHR,Danaher Corp,109.54,1.6,1.48%,109.67,108,3278500,11/30/2018
DIS,Walt Disney Company,115.49,-1.12,-0.96%,117.07,115.06,16857699,11/30/2018
DISCA,Discovery Comm A,30.72,-0.91,-2.88%,31.73,30.54,5420700,11/30/2018
DISCK,Discovery Comm Inc,27.93,-0.73,-2.55%,28.7,27.72,5259100,11/30/2018
DISH,Dish Network Corp,32.76,-0.2,-0.61%,33.28,32.58,2590900,11/30/2018
DLR,Digital Realty Trust,115.04,1.35,1.19%,115.13,112.95,1724000,11/30/2018
DLTR,Dollar Tree Inc,86.77,-1.66,-1.88%,89.48,86.73,6647000,11/30/2018
DOV,Dover Corp,84.89,0.85,1.01%,84.99,83.95,1732600,11/30/2018
DRE,Duke Realty Corp,28.46,0.39,1.39%,28.47,28.02,3330000,11/30/2018
DRI,Darden Restaurants,110.54,-0.72,-0.65%,111.88,109.59,1875000,11/30/2018
DTE,Dte Energy Company,119.74,2.07,1.76%,119.8,117.82,1406400,11/30/2018
DUK,Duke Energy Corp,88.57,0.97,1.11%,88.73,87.21,4829300,11/30/2018
DVA,Davita Healthcare Partners Inc,66.06,0.4,0.61%,66.39,65.1,1703900,11/30/2018
DVN,Devon Energy Corp,27.03,0.12,0.45%,27.15,25.98,10152800,11/30/2018
DWDP,Dowdupont Inc,57.85,0.61,1.07%,58.02,56.92,13688601,11/30/2018
DXC,Dxc Technology Company,63.04,0.73,1.17%,63.35,62.12,2977800,11/30/2018
EA,Electronic Arts Inc,84.07,-2.32,-2.69%,86.83,83.73,5395500,11/30/2018
EBAY,Ebay Inc,29.85,0.33,1.12%,29.88,29.26,19709500,11/30/2018
ECL,Ecolab Inc,160.49,2.1,1.33%,160.92,158.31,2510500,11/30/2018
ED,Consolidated Edison Company of New York,80.35,1.11,1.40%,80.39,79.04,2937200,11/30/2018
EFX,Equifax Inc,102.67,-0.13,-0.13%,103.1,101.76,739700,11/30/2018
EIX,Edison International,55.32,0.6,1.10%,55.65,54.61,4336600,11/30/2018
EL,Estee Lauder Companies,142.66,1.16,0.82%,142.86,140.87,4825100,11/30/2018
EMN,Eastman Chemical Company,78.82,-0.22,-0.28%,79.79,78.37,1307700,11/30/2018
EMR,Emerson Electric Company,67.52,0.19,0.28%,67.65,66.42,3467100,11/30/2018
EOG,Eog Resources,103.31,-2.16,-2.05%,104.68,102.89,5268800,11/30/2018
EQIX,Equinix Inc,385.28,1.17,0.30%,388.32,381.67,786500,11/30/2018
EQR,Equity Residential,71.25,0.98,1.39%,71.29,70.18,2534400,11/30/2018
ES,Eversource Energy,68.34,1.27,1.89%,68.39,67.04,3012000,11/30/2018
ESRX,Express Scripts,101.47,0.25,0.25%,101.49,100.39,4674200,11/30/2018
ESS,Essex Property Trust,262.51,3.17,1.22%,262.59,259.12,351400,11/30/2018
ETFC,E*Trade Finl Corp,52.29,0.83,1.61%,52.51,51.42,3547000,11/30/2018
ETN,Eaton Corp,76.94,0.93,1.22%,77,75.25,3137700,11/30/2018
ETR,Entergy Corp,87.06,1.19,1.39%,87.28,85.87,1686500,11/30/2018
EVRG,Evergy Inc,59.37,0.55,0.94%,59.55,58.48,2113000,11/30/2018
EW,Edwards Lifesciences Corp,162.01,-0.79,-0.49%,163.8,160.33,1794500,11/30/2018
EXC,Exelon Corp,46.39,0.72,1.58%,46.45,45.63,6869500,11/30/2018
EXPD,Expeditors Intl,76.09,0.22,0.29%,76.25,75.19,2265600,11/30/2018
EXPE,Expedia Group Inc,120.79,1.05,0.88%,121.94,120,1316000,11/30/2018
EXR,Extra Space Storage Inc,95.98,1.59,1.68%,95.99,94.2,1996400,11/30/2018
F,Ford Motor Company,9.41,0.04,0.43%,9.48,9.36,36269398,11/30/2018
FAST,Fastenal Co,59.26,0,0.00%,59.78,58.64,3082700,11/30/2018
FB,Facebook Inc,140.61,1.93,1.39%,140.97,137.36,25732500,11/30/2018
FBHS,Fortune Brands Home & Security,43.8,0.38,0.88%,44.01,43.2,2333000,11/30/2018
FCX,Freeport-Mcmoran Inc,11.94,0.12,1.02%,11.99,11.58,17145900,11/30/2018
FDX,Fedex Corp,229,1.5,0.66%,229.57,226.25,1588800,11/30/2018
FE,Firstenergy Corp,37.83,0.68,1.83%,37.95,37.12,6353600,11/30/2018
FFIV,F5 Networks Inc,171.97,-1.56,-0.90%,174.15,171.66,739100,11/30/2018
FIS,Fidelity National Information Services,107.95,2.1,1.98%,108.11,105.88,1933500,11/30/2018
FISV,Fiserv Inc,79.13,0.69,0.88%,79.32,78.38,2597100,11/30/2018
FITB,Fifth Third Bncp,27.93,0.39,1.42%,28.09,27.35,6982100,11/30/2018
FL,Footlocker Inc,56.4,1.03,1.86%,56.82,55.37,2615700,11/30/2018
FLIR,Flir Systems Inc,45.86,0.19,0.42%,45.9,45.24,1581200,11/30/2018
FLR,Fluor Corp,40.93,-0.15,-0.37%,41.37,40.6,2661200,11/30/2018
FLS,Flowserve Corp,48.51,0.77,1.61%,48.75,46.95,1369900,11/30/2018
FLT,Fleetcor Technologies,193.4,1.72,0.90%,195.01,191.4,953900,11/30/2018
FMC,FMC Corp,82.74,-0.31,-0.37%,83.31,82.13,1210500,11/30/2018
FOX,21st Centry Fox Class B,49.03,-0.27,-0.55%,49.4,48.92,7928100,11/30/2018
FOXA,21st Centry Fox Class A,49.47,-0.06,-0.12%,49.71,49.35,14858801,11/30/2018
FRT,Federal Realty Investment Trust,132.09,1.2,0.92%,132.2,130.76,535400,11/30/2018
FTI,Technipfmc Plc,23.09,-0.6,-2.53%,23.4,22.95,4025800,11/30/2018
FTNT,Fortinet Inc,73.84,-0.06,-0.08%,75.07,72.65,3121500,11/30/2018
FTV,Fortive Corp,76.07,1.94,2.62%,76.45,73.83,3020100,11/30/2018
GD,General Dynamics Corp,184.89,2.72,1.49%,185.04,182.35,1647000,11/30/2018
GE,General Electric Company,7.5,-0.44,-5.54%,7.68,7.4,187082891,11/30/2018
GILD,Gilead Sciences Inc,71.94,2.25,3.23%,72.2,69.45,8673200,11/30/2018
GIS,General Mills,42.31,0.1,0.24%,42.59,41.99,6085200,11/30/2018
GLW,Corning Inc,32.22,0.36,1.13%,32.34,31.8,6807900,11/30/2018
GM,General Motors Company,37.95,1.19,3.24%,38,36.66,18108699,11/30/2018
GOOG,Alphabet Class C,1094.43,6.13,0.56%,1095.57,1077.88,2580600,11/30/2018
GOOGL,Alphabet Class A,1109.65,15.07,1.38%,1109.65,1083.18,2983300,11/30/2018
GPC,Genuine Parts Company,103.71,0.62,0.60%,103.8,102.78,1001900,11/30/2018
GPN,Global Payments Inc,111.81,1.06,0.96%,112.13,110.36,1391500,11/30/2018
GPS,Gap Inc,27.29,0.64,2.40%,27.48,26.55,5524200,11/30/2018
GRMN,Garmin Ltd,66.66,0.68,1.03%,66.72,65.82,1792300,11/30/2018
GS,Goldman Sachs Group,190.69,-4.16,-2.13%,191.45,188.12,6219900,11/30/2018
GT,Goodyear Tire Rubber,23.16,0.09,0.39%,23.21,22.86,1972600,11/30/2018
GWW,W.W. Grainger,314.04,2.85,0.92%,315.57,309.1,600400,11/30/2018
HAL,Halliburton Company,31.43,-0.46,-1.44%,31.62,30.95,10940700,11/30/2018
HAS,Hasbro Inc,91,-5.85,-6.04%,97.45,90.97,3746800,11/30/2018
HBAN,Huntington Bcshs,14.59,0.09,0.62%,14.65,14.44,12609999,11/30/2018
HBI,Hanesbrands Inc,15.91,0.25,1.60%,16.08,15.62,5327000,11/30/2018
HCA,Hca Holdings Inc,143.99,-0.51,-0.35%,144.96,142.82,2214300,11/30/2018
HCP,HCP Inc,29.26,0.46,1.60%,29.28,28.75,6015200,11/30/2018
HD,Home Depot,180.32,4.66,2.65%,180.37,175.11,8942300,11/30/2018
HES,Hess Corp,53.89,-0.55,-1.01%,54.69,53.04,3935200,11/30/2018
HFC,Hollyfrontier Corp,62.47,0.79,1.28%,62.72,60.86,2341800,11/30/2018
HIG,Hartford Financial Services Group,44.19,-0.09,-0.20%,44.32,43.73,2516700,11/30/2018
HII,Huntington Ingalls Industries,215.5,0.65,0.30%,216.52,213.69,374500,11/30/2018
HLT,Hilton Inc,75.54,-0.92,-1.20%,76.37,74.69,4767400,11/30/2018
HOG,Harley-Davidson Inc,42.29,-0.2,-0.47%,42.68,42.02,2098000,11/30/2018
HOLX,Hologic Inc,44.41,0,0.00%,44.7,44.28,2074500,11/30/2018
HON,Honeywell International Inc,146.75,1.01,0.69%,147.1,145.33,5394000,11/30/2018
HP,Helmerich & Payne,60.6,-0.55,-0.90%,60.65,58.97,1834200,11/30/2018
HPE,Hewlett Packard Enterprise Comp,15,-0.12,-0.79%,15.14,14.77,20963100,11/30/2018
HPQ,Hewlett-Packard Company,23,0.14,0.61%,23.24,22.42,19162301,11/30/2018
HRB,H&R Block,27.01,-1.23,-4.36%,28.15,26.79,4302900,11/30/2018
HRL,Hormel Foods Corp,45.09,-0.14,-0.31%,45.58,44.88,8325300,11/30/2018
HRS,Harris Corp,142.95,-0.18,-0.13%,143.7,140.74,2183000,11/30/2018
HSIC,Henry Schein Inc,89.2,0.06,0.07%,90.48,88.46,2082000,11/30/2018
HST,Host Marriott Financial Trust,19,-0.3,-1.55%,19.34,18.77,8226899,11/30/2018
HSY,Hershey Foods Corp,108.3,0.85,0.79%,108.49,107.6,2120900,11/30/2018
HUM,Humana Inc,329.47,-0.82,-0.25%,332.95,328.42,1138000,11/30/2018
IBM,International Business Machines,124.27,2.79,2.30%,124.69,121.48,7251500,11/30/2018
ICE,Intercontinental Exchange,81.72,0.63,0.78%,81.83,81,4717600,11/30/2018
IDXX,Idexx Laboratories,203.76,2.64,1.31%,204.37,200.49,516500,11/30/2018
IFF,International Flavors & Fragrances,141.63,0.05,0.04%,142.3,140.93,1148700,11/30/2018
ILMN,Illumina Inc,337.5,-0.46,-0.14%,338.85,331.14,1212500,11/30/2018
INCY,Incyte Corp,64.25,-0.54,-0.83%,65.5,63.55,2849100,11/30/2018
INFO,IHS Markit Ltd,53.37,0.57,1.08%,53.47,52.6,2070700,11/30/2018
INTC,Intel Corp,49.31,1.61,3.38%,49.32,47.56,43312598,11/30/2018
INTU,Intuit Inc,214.53,5.34,2.55%,214.88,209.01,2692600,11/30/2018
IP,International Paper Company,46.19,0.45,0.98%,46.59,45.6,4071200,11/30/2018
IPG,Interpublic Group of Companies,23.5,-0.85,-3.49%,24.31,23.23,7837200,11/30/2018
IPGP,Ipg Photonics Corp,142.15,0.86,0.61%,142.75,139.71,565600,11/30/2018
IQV,Iqvia Holdings Inc,125.07,0.12,0.10%,125.25,121.82,2966300,11/30/2018
IR,Ingersoll-Rand Plc [Ireland],103.52,0.15,0.15%,104.07,102.78,2953500,11/30/2018
IRM,Iron Mountain Inc,33.97,0.22,0.65%,34,33.69,2087100,11/30/2018
ISRG,Intuitive Surg Inc,530.87,9.9,1.90%,534,517.39,988200,11/30/2018
IT,Gartner Inc,153.19,0.04,0.03%,155.07,152.63,773300,11/30/2018
ITW,Illinois Tool Works Inc,139.05,3.15,2.32%,139.19,135.41,1572000,11/30/2018
IVZ,Invesco Plc,20.35,0.1,0.49%,20.48,20.07,5251900,11/30/2018
JBHT,J B Hunt Transport,106.36,0.12,0.11%,108.25,106.13,1280200,11/30/2018
JCI,Johnson Controls Intl,34.78,0.51,1.49%,34.81,34.21,6471500,11/30/2018
JEC,Jacobs Engineering Group Inc,65.67,0.57,0.88%,65.97,64.71,1943600,11/30/2018
JEF,Jefferies Financial Group Inc,21.85,-0.12,-0.55%,22.01,21.6,2464700,11/30/2018
JKHY,Jack Henry & Assoc,139.7,0.57,0.41%,139.84,138.02,927500,11/30/2018
JNJ,Johnson & Johnson,146.9,1.05,0.72%,147,145.1,12517500,11/30/2018
JNPR,Juniper Networks,28.71,0.12,0.42%,28.76,28.41,4532800,11/30/2018
JPM,JP Morgan Chase & Co,111.19,1.13,1.03%,111.32,109.58,18652699,11/30/2018
JWN,Nordstrom,52.87,0.57,1.09%,53.54,51.94,3681000,11/30/2018
K,Kellogg Company,63.65,0.4,0.63%,63.69,62.68,3138200,11/30/2018
KEY,Keycorp,18.34,0.2,1.10%,18.38,18.07,11216300,11/30/2018
KEYS,Keysight Technologies Inc Comm,61.82,0.3,0.49%,61.87,61.03,1765100,11/30/2018
KHC,Kraft Heinz Co,51.12,-0.07,-0.14%,51.29,50.78,6402400,11/30/2018
KIM,Kimco Realty Corp,16.35,0.42,2.64%,16.38,15.94,4602600,11/30/2018
KLAC,K L A-Tencor Corp,98.56,1.87,1.93%,98.68,96,1499700,11/30/2018
KMB,Kimberly-Clark Corp,115.37,0.42,0.37%,115.57,114.2,2236900,11/30/2018
KMI,Kinder Morgan,17.07,0.2,1.19%,17.08,16.73,20395500,11/30/2018
KMX,Carmax Inc,66.07,-0.02,-0.03%,66.18,65.27,1360900,11/30/2018
KO,Coca-Cola Company,50.4,1.42,2.90%,50.49,48.99,25538100,11/30/2018
KORS,Michael Kors Holdings Ltd,43.75,-0.05,-0.11%,44.75,43.15,4882000,11/30/2018
KR,Kroger Company,29.66,-0.7,-2.31%,30.58,29.53,10031200,11/30/2018
KSS,Kohl's Corp,67.17,0.07,0.10%,67.79,66.56,3812900,11/30/2018
KSU,Kansas City Southern,103.05,1.87,1.85%,103.59,100.87,1369500,11/30/2018
L,Loews Corp,48.06,0.08,0.17%,48.19,47.67,1512700,11/30/2018
LB,L Brands Inc,33.11,-0.48,-1.43%,33.64,33.03,4024500,11/30/2018
LEG,Leggett & Platt Inc,38.74,-0.04,-0.10%,38.95,38.47,1554000,11/30/2018
LEN,Lennar Corp,42.73,-0.31,-0.72%,43.35,42.43,4133400,11/30/2018
LH,Laboratory Corporation of America Holdings,145.64,-16.17,-9.99%,154.25,142.4,3802300,11/30/2018
LIN,Linde Plc,159.05,-0.26,-0.16%,160.61,156.94,3944100,11/30/2018
LKQ,LKQ Corp,27.84,0.06,0.22%,27.99,27.52,2670300,11/30/2018
LLL,L-3 Communications Holdings,183.29,0.35,0.19%,183.69,180.46,726400,11/30/2018
LLY,Eli Lilly and Company,118.64,1.64,1.40%,118.71,116.22,8965600,11/30/2018
LMT,Lockheed Martin Corp,300.43,-1.99,-0.66%,303.53,297.88,3666200,11/30/2018
LNC,Lincoln National Corp,62.97,0.48,0.77%,63.28,62.17,1944500,11/30/2018
LNT,Alliant Energy Corp,45.39,0.72,1.61%,45.41,44.65,1889300,11/30/2018
LOW,Lowe's Companies,94.37,1.17,1.26%,94.53,92.46,6881000,11/30/2018
LRCX,Lam Research Corp,156.96,4.21,2.76%,157.18,150.83,3687800,11/30/2018
LUV,Southwest Airlines Company,54.61,1.38,2.59%,54.65,53.3,4546900,11/30/2018
LYB,Lyondellbasell Industries Nv,93.31,0.29,0.31%,93.52,91.52,3189400,11/30/2018
M,Macy's Inc,34.22,0.48,1.42%,34.58,33.38,7059900,11/30/2018
MA,Mastercard Inc,201.07,4.41,2.24%,201.67,195.8,7944600,11/30/2018
MAA,Mid-America Apartment Communities,103.56,1.34,1.31%,103.61,102.09,749200,11/30/2018
MAC,Macerich Company,50.29,0.23,0.46%,50.33,49.72,1086300,11/30/2018
MAR,Marriot Int Class A,115.03,-6.81,-5.59%,116.72,113.38,9553300,11/30/2018
MAS,Masco Corp,31.69,0.41,1.31%,31.72,31.17,2765500,11/30/2018
MAT,Mattel Inc,13.9,0.14,1.02%,14.03,13.55,6340400,11/30/2018
MCD,McDonald's Corp,188.51,-0.75,-0.40%,189.23,186.76,6635600,11/30/2018
MCHP,Microchip Technology,75,0.58,0.78%,75.12,73.78,2859300,11/30/2018
MCK,Mckesson Corp,124.5,-2.51,-1.98%,126.96,123.17,2585800,11/30/2018
MCO,Moody's Corp,159.07,2.43,1.55%,159.54,156.27,2937800,11/30/2018
MDLZ,Mondelez Intl Cmn A,44.98,0.45,1.01%,45.1,44.37,12994400,11/30/2018
MDT,Medtronic Inc,97.53,0.93,0.96%,97.59,96.76,6581400,11/30/2018
MET,Metlife Inc,44.63,0.24,0.54%,44.81,44.24,6116100,11/30/2018
MGM,MGM Resorts International,26.96,-0.36,-1.32%,27.33,26.74,7872800,11/30/2018
MHK,Mohawk Industries,128.06,0.68,0.53%,128.28,126.12,822400,11/30/2018
MKC,Mccormick & Company Inc,150,0.95,0.64%,150.2,148.58,1338000,11/30/2018
MLM,Martin Marietta Materials,190.69,-6.12,-3.11%,196.23,189.78,892100,11/30/2018
MMC,Marsh & Mclennan Companies,88.7,1.53,1.76%,88.76,87.01,3603100,11/30/2018
MMM,3M Company,207.92,3.36,1.64%,207.92,203.98,3171800,11/30/2018
MNST,Monster Beverage Cp,59.68,0.88,1.50%,59.96,58.9,2856000,11/30/2018
MO,Altria Group,54.83,-1.11,-1.98%,56.12,54.54,13911200,11/30/2018
MOS,Mosaic Company,36,-0.17,-0.47%,36.28,35.58,4812300,11/30/2018
MPC,Marathon Petroleum Corp,65.16,0.26,0.40%,65.57,64.3,6237100,11/30/2018
MRK,Merck & Company,79.34,1.43,1.84%,79.49,77.72,21355600,11/30/2018
MRO,Marathon Oil Corp,16.69,0.14,0.85%,16.77,16.08,13260400,11/30/2018
MS,Morgan Stanley,44.39,-0.12,-0.27%,44.61,43.9,11282500,11/30/2018
MSCI,MSCI Inc,157.09,0.05,0.03%,158.75,155.39,998400,11/30/2018
MSFT,Microsoft Corp,110.89,0.7,0.64%,110.97,109.36,33665602,11/30/2018
MSI,Motorola Solutions,131.25,-1.33,-1.00%,132.95,130.44,1367000,11/30/2018
MTB,M&T Bank Corp,169.01,0.32,0.19%,170.05,167.24,1497200,11/30/2018
MTD,Mettler-Toledo International,636.66,5.74,0.91%,639.23,627.34,175400,11/30/2018
MU,Micron Technology,38.56,0.65,1.71%,38.63,36.94,28176000,11/30/2018
MYL,Mylan Nv Ord Shs,33.86,-0.18,-0.53%,34.46,33.33,3520900,11/30/2018
NBL,Noble Energy Inc,23.74,-0.53,-2.18%,24.16,23.56,4975900,11/30/2018
NCLH,Norwegian Cruise Ord,51.32,-0.24,-0.47%,51.65,50.09,4278700,11/30/2018
NDAQ,Nasdaq Inc,91.32,0.93,1.03%,91.62,90.04,930300,11/30/2018
NEE,Nextera Energy,181.71,4.59,2.59%,182.03,177.22,3951800,11/30/2018
NEM,Newmont Mining Corp,32.34,0,0.00%,32.38,31.76,7679700,11/30/2018
NFLX,Netflix Inc,286.13,-2.62,-0.91%,290.81,283.06,11860100,11/30/2018
NFX,Newfield Exploration Company,16.95,-0.6,-3.42%,17.35,16.74,18391000,11/30/2018
NI,NiSource Inc,26.42,0.37,1.42%,26.45,25.88,4024600,11/30/2018
NKE,Nike Inc,75.12,0.78,1.05%,75.48,73.9,7947500,11/30/2018
NKTR,Nektar Therapeutics,40.39,1.13,2.88%,40.52,38.6,2708400,11/30/2018
NLSN,Nielsen Holdings Plc,27.17,0.02,0.07%,27.32,26.84,3138000,11/30/2018
NOC,Northrop Grumman Corp,259.88,-0.79,-0.30%,260.91,254.84,4006300,11/30/2018
NOV,National-Oilwell,32.11,-0.62,-1.89%,32.78,32.06,3708600,11/30/2018
NRG,NRG Energy,38.43,-0.36,-0.93%,39.32,38.33,19793000,11/30/2018
NSC,Norfolk Southern Corp,170.74,2.3,1.37%,171.92,168.02,2352500,11/30/2018
NTAP,Netapp Inc,66.87,-0.53,-0.79%,68.16,66.7,4095100,11/30/2018
NTRS,Northern Trust Corp,99.23,2.23,2.30%,99.61,96.29,1404300,11/30/2018
NUE,Nucor Corp,60.41,0.43,0.72%,60.49,59.57,2403100,11/30/2018
NVDA,Nvidia Corp,163.43,6.07,3.86%,163.86,155.72,18239100,11/30/2018
NWL,Newell Rubbermaid Inc,23.4,-0.4,-1.68%,24.21,23.4,14213700,11/30/2018
NWS,News Cp Cl B Cmn ST,13.4,-0.2,-1.47%,13.66,13.37,482000,11/30/2018
NWSA,News Cp Cl A Cmn ST,12.98,-0.23,-1.74%,13.28,12.97,3953400,11/30/2018
O,Realty Income Corp,64.09,0.23,0.36%,64.37,63.49,4113000,11/30/2018
OKE,Oneok Inc,61.43,0.09,0.15%,61.71,60.42,3127900,11/30/2018
OMC,Omnicom Group Inc,76.97,-0.21,-0.27%,77.54,76.72,3236300,11/30/2018
ORCL,Oracle Corp,48.76,0.86,1.80%,48.84,47.71,22884400,11/30/2018
ORLY,O'Reilly Automotive,346.78,-8.07,-2.27%,356.73,344.29,814600,11/30/2018
OXY,Occidental Petroleum Corp,70.27,-0.64,-0.90%,71,69.13,5947800,11/30/2018
PAYX,Paychex Inc,70.76,0.84,1.20%,70.99,69.8,3417400,11/30/2018
PBCT,People's United Finl,16.86,0.49,2.99%,16.91,16.23,6624900,11/30/2018
PCAR,Paccar Inc,62.22,0.91,1.48%,62.29,61.14,3435500,11/30/2018
PCG,Pacific Gas & Electric Co,26.38,-0.38,-1.42%,26.99,26.02,9689900,11/30/2018
PEG,Public Service Enterprise Group Inc,55.9,1.38,2.53%,55.94,54.51,3922700,11/30/2018
PEP,Pepsico Inc,121.94,3.67,3.10%,122,118.13,8051100,11/30/2018
PFE,Pfizer Inc,46.23,0.72,1.58%,46.26,45.28,42746199,11/30/2018
PFG,Principal Financial Group Inc,49.32,-0.36,-0.72%,49.48,48.8,2815600,11/30/2018
PG,Procter & Gamble Company,94.51,1.69,1.82%,94.65,92.75,16291801,11/30/2018
PGR,Progressive Corp,66.29,1.1,1.69%,66.41,65.03,5104700,11/30/2018
PH,Parker-Hannifin Corp,172.04,3.14,1.86%,172.6,167.54,1187900,11/30/2018
PHM,Pultegroup,26.52,-0.21,-0.79%,26.92,26.38,6247700,11/30/2018
PKG,Packaging Corporation of America,97.82,1.32,1.37%,98.18,96.16,865500,11/30/2018
PKI,Perkinelmer,87.06,0.43,0.50%,87.37,86.17,631100,11/30/2018
PLD,Prologis Inc,67.34,0.16,0.24%,67.89,66.72,3558600,11/30/2018
PM,Philip Morris International Inc,86.53,-0.43,-0.49%,87.36,86.02,5651600,11/30/2018
PNC,PNC Bank,135.78,2.13,1.59%,136.73,133.25,3194300,11/30/2018
PNR,Pentair Ltd,42.7,0.23,0.54%,42.97,42.18,1712300,11/30/2018
PNW,Pinnacle West Capital Corp,89.36,0.52,0.59%,89.51,88.32,1431500,11/30/2018
PPG,PPG Industries,109.33,0.86,0.79%,109.99,108.24,1962000,11/30/2018
PPL,PPL Corp,30.59,-0.08,-0.26%,30.74,30.23,9053200,11/30/2018
PRGO,Perrigo Company,62.28,-1.83,-2.85%,64.26,61.84,1250700,11/30/2018
PRU,Prudential Financial Inflation Retail,93.76,0.85,0.91%,93.9,92.55,2287600,11/30/2018
PSA,Public Storage,213.26,1.4,0.66%,213.29,210.63,1703800,11/30/2018
PSX,Phillips 66,93.52,0.84,0.91%,93.61,91.58,4393600,11/30/2018
PVH,Phillips-Van Heusen Corp,110.51,0.74,0.67%,115.36,109.11,3135600,11/30/2018
PWR,Quanta Services,35.1,0.72,2.09%,35.11,34.29,1615900,11/30/2018
PXD,Pioneer Natural Resources Co,147.75,-1.42,-0.95%,150,145.77,2084700,11/30/2018
PYPL,Paypal Holdings,85.81,1.55,1.84%,85.86,83.66,11273200,11/30/2018
QCOM,Qualcomm Inc,58.26,0.15,0.26%,58.47,57.02,18197699,11/30/2018
QRVO,Qorvo Inc,65.81,0.52,0.80%,66.3,64.84,1711200,11/30/2018
RCL,Royal Caribbean Cruises Ltd,113.07,1.44,1.29%,113.16,110.68,1574800,11/30/2018
RE,Everest Re Group,222.08,1.96,0.89%,223.56,219.83,474800,11/30/2018
REG,Regency Centers Corp,63.66,0.84,1.34%,63.78,63.03,1357200,11/30/2018
REGN,Regeneron Pharmaceutical,365.65,6.08,1.69%,368.24,359.5,696800,11/30/2018
RF,Regions Financial Corp,16.45,0.24,1.48%,16.54,16.16,20201000,11/30/2018
RHI,Robert Half International Inc,61.83,0.01,0.02%,62.76,61.6,1087400,11/30/2018
RHT,Red Hat Inc,178.56,0.67,0.38%,179.49,177.52,2460000,11/30/2018
RJF,Raymond James Financial,79.73,3.46,4.54%,80.05,76.14,1579600,11/30/2018
RL,Ralph Lauren Corp,111.4,0.11,0.10%,113.17,110.39,1548600,11/30/2018
RMD,Resmed Inc,111.79,1.29,1.17%,112.1,109.42,1494000,11/30/2018
ROK,Rockwell Automation Inc,174.34,2.57,1.50%,174.53,168.96,789000,11/30/2018
ROL,Rollins Inc,63.56,-0.19,-0.30%,64.21,63.51,1013100,11/30/2018
ROP,Roper Industries,297.59,3.72,1.27%,298.07,293.33,414200,11/30/2018
ROST,Ross Stores Inc,87.6,1.66,1.93%,87.71,85.8,7369000,11/30/2018
RSG,Republic Services,77.34,0.55,0.72%,77.46,76.64,2611100,11/30/2018
RTN,Raytheon Company,175.34,1.76,1.01%,175.53,172.61,2603800,11/30/2018
SBAC,SBA Communications,170.81,2.26,1.34%,171.01,168.69,934700,11/30/2018
SBUX,Starbucks Corp,66.72,-0.16,-0.24%,67.38,66.65,27309100,11/30/2018
SCG,Scana Corp,46.66,0.55,1.19%,46.81,45.98,1509300,11/30/2018
SCHW,The Charles Schwab Corp,44.8,0.64,1.45%,44.81,43.92,13690900,11/30/2018
SEE,Sealed Air Corp,36.53,0.12,0.33%,36.78,36.16,2228200,11/30/2018
SHW,Sherwin-Williams Company,424.07,4.31,1.03%,424.28,418.48,603000,11/30/2018
SIVB,Svb Financial Grp,254.81,11.09,4.55%,256.36,242.32,1093700,11/30/2018
SJM,J.M. Smucker Company,104.51,1.07,1.03%,104.78,103.07,2051700,11/30/2018
SLB,Schlumberger N.V.,45.1,-0.8,-1.74%,45.55,44.68,16183900,11/30/2018
SLG,SL Green Realty Corp,96.42,2.6,2.77%,96.78,94,1446700,11/30/2018
SNA,Snap-On Inc,166.24,2.24,1.37%,166.46,162.79,724500,11/30/2018
SNPS,Synopsys Inc,91.94,2.42,2.70%,91.96,89.24,3192100,11/30/2018
SO,Southern Company,47.33,0.79,1.70%,47.37,46.51,7133500,11/30/2018
SPG,Simon Property Group,185.69,1.09,0.59%,186.43,183.68,3130900,11/30/2018
SPGI,S&P Global Inc,182.86,2.51,1.39%,183.15,179.7,2376200,11/30/2018
SRCL,Stericycle Inc,48.07,-0.14,-0.29%,48.93,47.58,23209799,11/30/2018
SRE,Sempra Energy,115.22,2.55,2.26%,115.35,112.61,3267000,11/30/2018
STI,Suntrust Banks,62.69,0.2,0.32%,63.25,62.21,3127200,11/30/2018
STT,State Street Corp,73.02,0.65,0.90%,73.29,72.18,3238000,11/30/2018
STX,Seagate Tech Ord Shs,43.09,0.44,1.03%,43.16,41.79,4699200,11/30/2018
STZ,Constellation Brands Inc,195.76,-0.45,-0.23%,197.67,194.88,1663000,11/30/2018
SWK,Stanley Black & Decker Inc,130.85,3.39,2.66%,130.94,127.13,1339300,11/30/2018
SWKS,Skyworks Solutions,72.77,1.54,2.16%,72.9,70.46,2884200,11/30/2018
SYF,Synchrony Financial,25.98,0.01,0.04%,26.04,25.73,5840600,11/30/2018
SYK,Stryker Corp,175.46,4.55,2.66%,175.51,171.16,2590200,11/30/2018
SYMC,Symantec Corp,22.11,-0.47,-2.08%,22.59,21.89,5928600,11/30/2018
SYY,Sysco Corp,67.4,-0.14,-0.21%,67.66,66.27,6067700,11/30/2018
T,AT&T Inc,31.24,0.67,2.19%,31.43,30.68,80467203,11/30/2018
TAP,Molson Coors Brewing Company,65.77,1.46,2.27%,65.86,64.5,2655600,11/30/2018
TDG,Transdigm Group Inc,361.67,-5.7,-1.55%,368.47,357.81,492100,11/30/2018
TEL,Te Connectivity Ltd,76.93,1.23,1.62%,76.99,75.54,2259600,11/30/2018
TGT,Target Corp,70.96,-0.21,-0.30%,71.67,70.33,7100400,11/30/2018
TIF,Tiffany & Co,91,1.23,1.37%,91.89,89.03,4068100,11/30/2018
TJX,TJX Companies,48.85,1.36,2.86%,49.05,47.47,17529301,11/30/2018
TMK,Torchmark Corp,86.41,-0.91,-1.04%,87.71,86.38,813600,11/30/2018
TMO,Thermo Fisher Scientific Inc,249.55,0.98,0.39%,250.45,247.73,2201600,11/30/2018
TPR,Tapestry Inc,38.93,0.92,2.42%,38.93,38.01,6000700,11/30/2018
TRIP,Tripadvisor Inc,64.06,0.52,0.82%,64.21,62.63,2166600,11/30/2018
TROW,T Rowe Price Group,99.36,1.49,1.52%,99.61,96.56,3022200,11/30/2018
TRV,The Travelers Companies Inc,130.37,-0.26,-0.20%,130.95,128.71,2142600,11/30/2018
TSCO,Tractor Supply Co,95.13,0.46,0.49%,95.58,93.95,1633800,11/30/2018
TSN,Tyson Foods,58.95,1.23,2.13%,58.97,57.79,3247000,11/30/2018
TSS,Total System Services,87.37,0.17,0.19%,87.85,86.68,1715100,11/30/2018
TTWO,Take-Two Interacti,109.67,-2.24,-2.00%,112.2,108.9,2561800,11/30/2018
TWTR,Twitter Inc,31.45,0.15,0.48%,31.55,30.11,25833102,11/30/2018
TXN,Texas Instruments,99.85,2.42,2.48%,99.89,96.92,8685900,11/30/2018
TXT,Textron Inc,56.14,0.18,0.32%,56.48,55.42,1713200,11/30/2018
UA,Under Armour Inc Class C Comm,22.33,0.58,2.67%,22.76,21.88,4723100,11/30/2018
UAA,Under Armour,23.88,0.74,3.20%,24.25,23.33,6828000,11/30/2018
UAL,United Continental Holdings,96.7,1.63,1.71%,96.8,94.9,4033900,11/30/2018
UDR,United Dominion Realty Trust,42.62,0.73,1.74%,42.64,42,3910100,11/30/2018
UHS,Universal Health Services,137.99,0.13,0.09%,138.98,136.49,1216200,11/30/2018
ULTA,Ulta Salon Cosmetic,297.79,-2.58,-0.86%,301.95,296.42,971100,11/30/2018
UNH,Unitedhealth Group Inc,281.36,-1.19,-0.42%,283.64,279.07,6143300,11/30/2018
UNM,Unumprovident Corp,35.91,-0.48,-1.32%,36.52,35.7,2887200,11/30/2018
UNP,Union Pacific Corp,153.78,3.3,2.19%,154.37,150.14,6214400,11/30/2018
UPS,United Parcel Service,115.29,2.03,1.79%,115.44,113.19,3564200,11/30/2018
URI,United Rentals,117.13,1.21,1.04%,117.88,114.76,1477400,11/30/2018
USB,U.S. Bancorp,54.46,0.42,0.78%,54.88,54.04,10299200,11/30/2018
UTX,United Technologies Corp,121.84,0.64,0.53%,122.32,120.04,9636700,11/30/2018
V,Visa Inc,141.71,2.61,1.88%,142.26,138.63,11362699,11/30/2018
VAR,Varian Medical Systems,123.39,2.2,1.82%,123.85,120.58,1294000,11/30/2018
VFC,V.F. Corp,81.29,1.83,2.30%,81.49,78.77,4199700,11/30/2018
VIAB,Viacom Inc Cl B,30.86,-1.17,-3.65%,32.13,30.25,10064700,11/30/2018
VLO,Valero Energy Corp,79.9,0.43,0.54%,80.45,78.39,5685600,11/30/2018
VMC,Vulcan Materials Company,105.71,-1.21,-1.13%,107.44,105.57,1254600,11/30/2018
VNO,Vornado Realty Trust,71.96,1.38,1.96%,72.06,70.62,1569800,11/30/2018
VRSK,Verisk Analytics Inc,123.32,-0.51,-0.41%,124.5,122.9,1194600,11/30/2018
VRSN,Verisign Inc,156.06,-0.6,-0.38%,157.89,155.53,984200,11/30/2018
VRTX,Vertex Pharmaceutic,180.79,1.34,0.75%,181,178.33,1095900,11/30/2018
VTR,Ventas Inc,63.49,1.04,1.67%,63.63,62.17,2735400,11/30/2018
VZ,Verizon Communications Inc,60.3,0.85,1.43%,60.37,59.47,31142799,11/30/2018
WAT,Waters Corp,198.58,-4.91,-2.41%,199.67,195.17,1044000,11/30/2018
WBA,Walgreens Boots Alliance,84.67,-0.18,-0.21%,85.31,83.79,8323500,11/30/2018
WCG,Wellcare Group,254.88,6.06,2.44%,257.75,248.68,4145700,11/30/2018
WDC,Western Digital Cp,45.39,-0.13,-0.29%,45.71,43.41,9420700,11/30/2018
WEC,Wisconsin Energy Corp,72.48,1.48,2.08%,72.52,71.08,2229900,11/30/2018
WELL,Welltower Inc,72.33,0.9,1.26%,72.34,71,3284300,11/30/2018
WFC,Wells Fargo & Company,54.28,0.24,0.44%,54.55,53.87,18939199,11/30/2018
WHR,Whirlpool Corp,126.13,-0.27,-0.21%,126.61,124.92,744700,11/30/2018
WLTW,Willis Towers Wts,159.45,0.96,0.61%,160.18,158.66,1149300,11/30/2018
WM,Waste Management,93.75,1.03,1.11%,94.08,92.89,2504900,11/30/2018
WMB,Williams Companies,25.32,-0.24,-0.94%,25.64,25.25,10366100,11/30/2018
WMT,Wal-Mart Stores,97.65,0.36,0.37%,98.43,97.07,10664000,11/30/2018
WRK,Westrock Company,47.11,0.76,1.64%,47.32,46.12,2647600,11/30/2018
WU,Western Union Company,18.73,0.05,0.27%,18.75,18.58,6875400,11/30/2018
WY,Weyerhaeuser Company,26.41,-0.33,-1.23%,26.82,26.03,5771500,11/30/2018
WYNN,Wynn Resorts Ltd,109.4,1.28,1.18%,109.69,106.63,3025700,11/30/2018
XEC,Cimarex Energy Co,81.98,-1.62,-1.94%,83.07,81.36,1298700,11/30/2018
XEL,XCEL Energy Inc,52.45,0.92,1.79%,52.49,51.52,4588900,11/30/2018
XLNX,Xilinx Inc,92.48,1.28,1.40%,92.49,90.45,3071300,11/30/2018
XOM,Exxon Mobil Corp,79.5,0.44,0.56%,79.6,78.32,14040100,11/30/2018
XRAY,Dentsply Sirona Inc,37.78,0.79,2.14%,37.91,36.71,2672400,11/30/2018
XRX,Xerox Corp,26.92,0.04,0.15%,27.11,26.76,3418800,11/30/2018
XYL,Xylem Inc,72.98,1.68,2.36%,73.09,70.96,1547700,11/30/2018
YUM,Yum! Brands,92.22,0.36,0.39%,92.44,91.31,4725000,11/30/2018
ZBH,Zimmer Biomet Holdings,117.02,2.06,1.79%,117.14,114.84,1256000,11/30/2018
ZION,Zions Bancorporation,48.66,0.45,0.93%,48.94,47.95,4656300,11/30/2018
ZTS,Zoetis Inc Class A,93.87,1.1,1.19%,94.17,92.46,3143500,11/30/2018
Downloaded from Barchart.com as of 12-02-2018 11:16pm CST,,,,,,,,
